{"cameraMode":{"drawMode":0,"name":"Shaded","section":"Shading Mode"},"sceneLighting":false,"audioPlay":false,"sceneViewState":{"showFog":true,"showMaterialUpdate":false,"showSkybox":true,"showFlares":true,"showImageEffects":true,"showParticleSystems":true},"in2DMode":false,"pivot":{"x":0.013824462890625,"y":0.0010274648666381837,"z":0.01640951633453369},"rotation":{"x":0.37899428606033327,"y":-0.0205320306122303,"z":0.008410854265093804,"w":0.9251330494880676},"size":9.133556365966797,"orthographic":false}